13 Crapgame 13 Crap 13 Cox' 13 Coutelle 13 Cottage 13 coolsten 13 Coolness 13 Concorde 13 Composition 13 Communications 13 Comicladen 13 Coltrane 13 Cofi 13 Codesequenz 13 Cobain 13 clothes 13 close 13 Clausen 13 ClarkNova 13 CKompanie 13 CI 13 Christopherus 13 christliches 13 Christianson 13 Christbaum 13 Chizuru 13 Chiswick 13 Chise 13 Chinesischer 13 Chiltern 13 chillen 13 ChhotiMa 13 Chevrolet 13 chérie 13 Cheerleadern 13 checkst 13 che 13 Charity 13 Chanukka 13 Change 13 change 13 Challenger 13 Chairman 13 Centurions 13 Ce 13 CD's 13 Cavendish 13 CATScan 13 Cate 13 CAST 13 Carrier 13 Caro 13 Capra 13 Capitan 13 Cantina 13 Cannonball 13 Cannoli 13 Canaveral 13 Campion 13 Cambrai 13 Callum 13 Cajetan 13 Cagney 13 byebye 13 Buzhayev 13 bürste 13 Büroklammer 13 Burn 13 Burke's 13 Bürgermeisterin 13 bürge 13 Bundesrichter 13 Bügel 13 Buddhist 13 Buckner 13 buchte 13 Buchstabiere 13 Büchsen 13 Buchen 13 B's 13 Brustvergrößerung 13 brüllst 13 Browser 13 Britta 13 Britischer 13 Brinkman 13 Bringer 13 brillianten 13 Bretzeln 13 Bresche 13 Breitseite 13 brech' 13 Brause 13 Bräune 13 BRabbit 13 Bozo 13 Bowfinger 13 Bouin 13 Botaniker 13 BÖSE 13 Borreliose 13 Borneo 13 Bono 13 Bonny 13 bonnie 13 Bombenentschärfer 13 Bombastisch 13 Bombardierung 13 Bologna 13 Böller 13 Bolivar 13 Bohrung 13 Bodentruppen 13 Blutgefäße 13 Blutflecken 13 Blutet 13 blutend 13 Blunt 13 Blumenkohl 13 Blumenhändler 13 Blumengeschäft 13 Blowjobs 13 Blöße 13 Blitzbilder 13 Blinzeln 13 Blevins 13 Blayne 13 blauem 13 Blast 13 Blah 13 bitterer 13 Bisse 13 Bißchen 13 Bismarck 13 Biscuit 13 biochemische 13 Billig 13 Bilanzen 13 Biggie 13 Bienchen 13 bieg 13 beziehungsweise 13 Bewusstseins 13 bewohnbar 13 bewirbt 13 Beweislast 13 Beweises 13 bewegungsunfähig 13 bewachte 13 Bevölkerungsdichte 13 beunruhigte 13 beunruhigenden 13 Beugen 13 bettlägerig 13 Betrügt 13 Betrügst 13 Betroffenen 13 BETRIEB 13 Betreuerin 13 Betrete 13 betreibst 13 betraten 13 Betrachters 13 Bethlehem 13 beteilige 13 Besuchow 13 bestmögliche 13 Besprechen 13 bespitzeln 13 Besichtigung 13 Beschwer 13 beschwer 13 beschneiden 13 Beschaffen 13 beruhigte 13 berüchtigt 13 Bernhard 13 Bernardino 13 berichtest 13 Bergbau 13 bereithält 13 benoten 13 Benehmens 13 BEN 13 Bemühe 13 Bemannt 13 Belustigung 13 Belmondo 13 bells 13 beliefert 13 Beliebtheit 13 beliebig 13 belegte 13 bekehrt 13 Beitritts 13 beigestanden 13 beigen 13 Begrüße 13 begrapschen 13 Begleitschutz 13 Befragungen 13 Befragt 13 BEFEHL 13 Beeil' 13 bedürfen 13 bedeutendste 13 Bedanken 13 Beaujolais 13 BeaufortSimpson 13 Beaton 13 bearbeiteten 13 Beacon 13 beachtlich 13 Bazillen 13 Bayonne 13 Batty 13 Battalion 13 Basiert 13 Baseketball 13 Basar 13 Bartertown 13 Bärenhöhle 13 Barbarei 13 bang 13 Bam 13 Ballroom 13 Bakterie 13 bahnbrechende 13 Backstage 13 Backpulver 13 Babyface 13 Azuma 13 Avionik 13 Autoritätsperson 13 Autorisierung 13 Autofahrt 13 Autobahnpolizei 13 Autoaufkleber 13 Authority 13 authentische 13 auszustellen 13 auszuräumen 13 auszuleihen 13 auszulassen 13 auszulachen 13 auszahlt 13 Auswurf 13 Ausweitung 13 Ausweisen 13 auswaschen 13 Austens 13 aussteige 13 ausspuckt 13 Ausspucken 13 aussprach 13 äußerte 13 außerirdisches 13 Außenweltler 13 Außenstehender 13 Außenseiterin 13 Aussenseiter 13 ausschließt 13 Aussätzige 13 ausrüsten 13 Ausreise 13 Ausreifung 13 Auspuffrohr 13 ausmerzen 13 Ausladen 13 auskennst 13 ausgezählt 13 ausgewandert 13 Ausgestoßenen 13 ausgesandt 13 ausgeklinkt 13 ausgeflogen 13 Ausführender 13 ausersehen 13 auseinandergenommen 13 Ausdrucken 13 ausbrennen 13 ausborgen 13 Auryn 13 AUKTIONATOR 13 Auguste 13 Augenarzt 13 auge 13 aufzuschneiden 13 aufzusammeln 13 aufzukriegen 13 aufwuchsen 13 aufwirbeln 13 auftrat 13 auflehnen 13 auflauern 13 Aufgewacht 13 aufgemischt 13 aufgekriegt 13 aufgekauft 13 aufgedrängt 13 aufgebläht 13 aufgebauscht 13 aufbrach 13 Aufbewahrung 13 Ätsch 13 Atemprobleme 13 Atemberaubend 13 Asylrecht 13 Asuka 13 astrein 13 assoziieren 13 assen 13 Asapin 13 ärztlichen 13 Arschbacke 13 Aromatherapie 13 Armenen 13 Ärgert 13 Archibald 13 Arch 13 Arbeitsstunden 13 arbeitslose 13 arbeitender 13 arbeitenden 13 arabisch 13 Apfelbaum 13 apart 13 Aoshima 13 anzusetzen 13 anzufeuern 13 anzubeten 13 anzubaggern 13 anzog 13 Anyone 13 Anstandsdame 13 Ansprüchen 13 Anschlüsse 13 Anrede 13 Annonce 13 Annies 13 annehmbar 13 Anlaufstelle 13 animierten 13 Anime 13 ängstigst 13 Angriffsposition 13 angriffslustig 13 angrenzenden 13 angewählt 13 Angenehmen 13 Angelrute 13 Angelhaken 13 angekotzt 13 angedroht 13 Anflugbahn 13 Anfeuerungsrufe 13 Andréa 13 anderst 13 Andale 13 anbinden 13 anbeißt 13 Anbeißen 13 anbeißen 13 Analphabet 13 Analogie 13 ANA 13 amüsante 13 Amélie 13 Ambrosius 13 Amadors 13 Alvin 13 altert 13 Alterchen 13 ALTER 13 'Als 13 ALONE 13 AllMordmannschaft 13 alljährliche 13 Allgemeine 13 allgegenwärtig 13 allerletztes 13 Allergrößte 13 allerbester 13 allemann 13 alkalischer 13 Aleander 13 Aktiv 13 Akron 13 Akina 13 Airbag 13 air 13 ähem 13 Agenturen 13 Adlige 13 Adjektive 13 Adelige 13 Adebisi 13 addieren 13 Adapter 13 Adamas 13 ad 13 Acrisius 13 Acombar 13 ackern 13 achtgeben 13 Achterbahnen 13 Accessoires 13 Acapulco 13 abzuwickeln 13 abzuschrecken 13 abzuladen 13 Abwehrsystem 13 Abtrünnigen 13 Abtreibungen 13 Abteilungsnummer 13 Abstürzen 13 Absetzen 13 abschotten 13 abschnitt 13 abschiessen 13 abschieben 13 Absätzen 13 Abonnement 13 abnehmend 13 ablehnst 13 ablegte 13 Abkürzungen 13 Abhören 13 abholst 13 abgetragen 13 abgetastet 13 Abgeschiedenheit 13 abgesägt 13 abgelassen 13 abgekratzt 13 abgeguckt 12 zwölfte 12 Zwischenstop 12 Zwerchfell 12 zweitklassige 12 ZWEISAMKEIT 12 zweihundert 12 Zweifelt 12 zwecks 12 zuzuschieben 12 zuzubereiten 12 Zuverlässig 12 zustimmte 12 zusammenzuziehen 12 zusammensetzten 12 zusammengetan 12 zusammengelebt 12 zusammengefügt 12 Zurückkommen 12 Zurückhalten 12 zurückgibt 12 Zurückgehen 12 zurückgehe 12 zurückbleibt 12 zureden 12 Zungensport 12 Zugzwang 12 Zugführer 12 zugesteckt 12 zugesichert 12 zugeführt 12 zugang 12 zufügt 12 Zuckerguss 12 züchte 12 ZPM´s 12 Zorro 12 zorniger 12 zögerlich 12 Zögere 12 Zoes 12 ZK 12 Zivilkleidung 12 Zivile 12 zier 12 Ziad 12 zerzaust 12 zerschneidet 12 ZERSCHLISSENEN 12 zerrten 12 Zerreißen 12 zerfetzte 12 zerebralen 12 ZENTRUM 12 Zentralasien 12 Zeltlager 12 Zellengenossen 12 Zelda 12 Zeitverschiebung 12 Zeitungsjunge 12 ZeitFenster 12 Zeitarbeitsfirma 12 Zeichens 12 ZBZ 12 Zavulon 12 zauberhaften 12 Zauberhaft 12 Zarte 12 Zahnbürsten 12 Zahlreiche 12 ZAHLEN 12 zackig 12 Yuto 12 Yummy 12 Yukina 12 Yuda 12 YoYo 12 YOSHlMl 12 Yoro 12 YongDae 12 Yongbae 12 Yomiko 12 Yokoyama 12 YOKOMORl 12 Yinsen 12 Yasuno 12 Yasha 12 YardLinie 12 YARAN 12 YAMAGUCHl 12 Yakushova 12 Yakumo 12 XMen 12 xbeliebigen 12 Wyler 12 wwwtvfreaksdl 12 wwwtvfreaks 12 wüten 12 Wutanfälle 12 Wurmlöchern 12 Würgt 12 Würger 12 Würg 12 Wunschtraum 12 Wunderschöner 12 Wundermittel 12 Wuhuan 12 Wrecking 12 Wrackteile 12 WOW 12 WORTE 12 #Worte 12 Worms 12 Wolfs 12 Wolfgang 12 Wohngebiet 12 Wohnbereich 12 Wohltätigkeitsveranstaltungen 12 wllte 12 witzigsten 12 Witzfiguren 12 Without 12 Wissenschaftlers 12 wirlich 12 Wirf's 12 Windows 12 Windbeutel 12 WIMMERT 12 wimmern 12 WILSON 12 Wilkinson 12 Wiles 12 Wildman 12 Wiggs 12 wievielten 12 wielange 12 Wiedertäufern 12 wiederlich 12 wiederhabe 12 wiederfindet 12 Wiedereinsetzung 12 wiederbringen 12 widersprüchliche 12 widerrufe 12 Widdle 12 wickelte 12 Wichsen 12 Whew 12 Whatever 12 Westflügel 12 werdeich 12 Werbekampagne 12 Werbefilme 12 'wenn 12 Wenigen 12 Weltraummann 12 Welthauptstadt 12 WellnessCenter 12 Wellness 12 weitet 12 weiterzukämpfen 12 weiterlesen 12 weiterlebt 12 weiterging 12 weitergekommen 12 Weitergeben 12 weiden 12 WEICHE 12 wehrlose 12 wegnahm 12 weggesprungen 12 weggeschlichen 12 wegfliegt 12 Wegener 12 Weechee 12 Websites 12 WaWas 12 Watkins 12 Wasserstelle 12 Wasserspeier 12 Wasserbetten 12 WASHINGTON 12 Waschmittel 12 Wäscheleine 12 Warteschlange 12 Wärend 12 wants 12 Wanderungen 12 wandelnder 12 Walther 12 Walsh's 12 Walküre 12 Waldläufer 12 waiting 12 Wahrzeichen 12 Wagt 12 Wagners 12 Waffendealer 12 Wachtel 12 Wachmeister 12 Vulkanausbruch 12 vrai 12 vorzuziehen 12 vorzudringen 12 Vorzeit 12 Vorwahlen 12 vortanzen 12 vorsorglich 12 vorsichtshalber 12 Vorschuß 12 vormittags 12 Vorladungen 12 vorkomme 12 Vorhersagen 12 Vorgruppe 12 vorgetäuschten 12 vorgetäuschte 12 vorgehalten 12 Vorfeld 12 VORDRINGT 12 vorbildliche 12 vorbeikamen 12 vorangekommen 12 vollführen 12 vollautomatisch 12 Vogelnest 12 Vivienne 12 Vitalität 12 Vishnevsky 12 violette 12 Ving 12 Villeicht 12 villeicht 12 Vikar 12 VIII 12 Viertklässler 12 vierfachen 12 Viechern 12 Vie 12 Vichy 12 Vialo 12 Verzweifeln 12 verzögerte 12 verziehe 12 verzerrte 12 verzeihn 12 verzauberten 12 verzählt 12 Verwundung 12 verwöhnten 12 Verwesung 12 verweilt 12 Verwechseln 12 verübte 12 vertraulicher 12 vertrauensselig 12 vertrat 12 Verteidigungssystem 12 Verteidigungsministers 12 Versus 12 Versuchten 12 verstümmelte 12 verstrichen 12 verstehste 12 verstehs 12 Versteh' 12 Versteckspielen 12 verständlicherweise 12 verspürte 12 Verspätungen 12 versoffen 12 VERSIEGELTEN 12 Versiegeln 12 Versicherungsnummer 12 Versicherungsagenten 12 verseuchten 12 Versessenen 12 verschwundene 12 verschrieb 12 verschnitten 12 verschmutzten 12 verschmutzen 12 VERSCHLOSSENEN 12 verscherbeln 12 versammelter 12 verrenkt 12 Verreisen 12 verräterischen 12 verprügelten 12 verpetzen 12 verpennt 12 Verpackungen 12 Vernünftig 12 Vernissage 12 verneint 12 vermindert 12 vermiesen 12 vermeintlichen 12 Vermeiden 12 Verma 12 Verliess 12 verlauten 12 verlaßt 12 verlassener 12 verlängerten 12 verkraftest 12 verkleinert 12 Verklag 12 Verkaufswettbewerb 12 Verkaufsmasche 12 Verkaufs 12 verirrten 12 verhüten 12 Verhören 12 verheddert 12 verhaue 12 Verhaltensmuster 12 vergruben 12 Vergewissern 12 vergewaltige 12 Vergeltungsschlag 12 verführe 12 verflüchtigt 12 Verfickter 12 Vereidigung 12 verdreschen 12 verdränge 12 verdorbener 12 verdarb 12 Verdächtigungen 12 verbranntes 12 Verboten 12 verausgabt 12 verarztet 12 Veraldi 12 Vatertag 12 Vanzo 12 Vans 12 Vanity 12 Vanderbilt 12 Valerii 12 vaginale 12 Uther 12 USIDent 12 Urteils 12 urteile 12 Urlaubsort 12 Urinieren 12 unzumutbar 12 unvoreingenommen 12 unvollendet 12 Unverzüglich 12 unverwüstlich 12 Unverschämter 12 unverkennbar 12 UNVERGESSLICHEN 12 Untote 12 unterstrichen 12 Unterschreibe 12 unterschätze 12 unterrichtest 12 unterkühlt 12 Unterhaltungsbranche 12 unterhältst 12 Untergangs 12 Unterführung 12 Untere 12 unterbrich 12 Unterabteilung 12 unsinnige 12 unschlüssig 12 unschätzbarem 12 unquestionably 12 unnütze 12 unnachgiebig 12 unhygienisch 12 ungezogene 12 ungestüm 12 Ungerechtigkeiten 12 ungenutzt 12 ungehalten 12 ungebührlich 12 ungeahnte 12 unfreiwillig 12 unfähigen 12 unerwünschte 12 Unerlaubtes 12 UNENDLICH 12 uneingeschränkten 12 uneingeschränkt 12 Undwas 12 Undich 12 unbewaffnete 12 unbestätigte 12 unbesonnen 12 unbeschreibliche 12 unbenutzt 12 unbegrenzten 12 UNAUSSTEHLICH 12 unauffälliger 12 Unagi 12 umzieht 12 umwandelt 12 umsorgt 12 umsehe 12 umschlingen 12 UMlNO 12 umkrempeln 12 Umkehrschub 12 Umkehr 12 umherschweifende 12 umgenietet 12 umgekehrte 12 Umgeben 12 umgangen 12 umfassen 12 umfällt 12 umbenannt 12 Uday 12 übliches 12 Überzeugungskraft 12 überwältigende 12 Überwältigend 12 Überwacht 12 überstrapaziert 12 überstehst 12 Überspringen 12 übersiehst 12 überrennen 12 ÜberraschungsParty 12 Uberraschung 12 überraschender 12 Übernatürliche 12 übernachtest 12 über'n 12 Überleitung 12 Überlebensinstinkt 12 überlebenden 12 überflüssiges 12 Überflüssig 12 überfliegen 12 überempfindlich 12 übereilt 12 überdimensionale 12 überdecken 12 Überbrückung 12 überblicken 12 überanstrengt 12 Tyge 12 TWA 12 Tutmir 12 Tuten 12 Turnerin 12 Türklinken 12 Tudor 12 TTeam 12 Tsuwako 12 TSUNK 12 Tsujigiri 12 Tsui 12 Tsuchiya 12 TSCHETSCHENE 12 Trott 12 trois 12 Trödelt 12 Trödel 12 trivial 12 Trinkerin 12 Trigger 12 Trifle 12 Trieben 12 Trickbetrug 12 Treuhand 12 treues 12 tres 12 Trenne 12 Treibst 12 Treibhauseffekt 12 Tree 12 Traumseherin 12 Traumland 12 Traube 12 Tratschen 12 Transformator 12 Tranquila 12 TRÄNKT 12 TRÄNKEN 12 Trainierst 12 traditioneller 12 Toy 12 toxisch 12 tout 12 Touchdowns 12 Toth 12 Tonspur 12 TOMOKO 12 TOMlNAGA 12 Tokolosh 12 Toilettenartikel 12 Togo 12 TOEI 12 Todesdrohungen 12 todernst 12 today 12 Toclafane 12 Tobolsk 12 Tobio 12 TK 12 Tischler 12 Tischdecken 12 TIME 12 Timbuktu 12 Tilly 12 Tiggern 12 Tierversuche 12 Tierfreunde 12 Tiefschläge 12 Tickst 12 ti 12 Thunfische 12 three 12 Those 12 therapeutisch 12 Theodoro 12 Thematik 12 Thailänder 12 TEXAS 12 texanischen 12 tetsu 12 testete 12 Terrors 12 Tennyson 12 Tennouzu 12 Tendenzen 12 temporär 12 Temporallappen 12 Telefonsex 12 Telefonnetz 12 Telefonmast 12 Teilzeit 12 Teilchenbeschleuniger 12 Taverner 12 Täusche 12 TATSUHlKO 12 Tarn 12 Tarif 12 TAMAGAWA 12 talk 12 Tälern 12 Talentwettbewerb 12 Takte 12 TAKEHlTO 12 TAKANASHl 12 Tagesstätte 12 Tagesmarsch 12 Taekwondo 12 synthetischen 12 Symbols 12 symbolisieren 12 SWATTEAMFÜHRER 12 SWA 12 Svetlana 12 Süßigkeit 12 Susana 12 Surrillo 12 surft 12 surfe 12 Superkraft 12 SuperGXKanone 12 Supergirl 12 SunJee 12 Sündern 12 summiern 12 Sultans 12 Sui 12 Südost 12 Südkoreaner 12 Suchtrupps 12 Süchtige 12 Suchhund 12 Subtext 12 Subjekte 12 SüBe 12 stürmte 12 Studebaker 12 Stryker 12 strukturellen 12 strukturelle 12 strömten 12 Strölin 12 Strolchen 12 Strohmann 12 Strohhut 12 Strikes 12 Strickjacke 12 Stricken 12 Streptokokken 12 strengte 12 strebe 12 Straußengehege 12 Strapazen 12 Strahlenkrankheit 12 straffen 12 stotterte 12 stösst 12 story 12 stornieren 12 Störenfriede 12 Stoller 12 Stoffen 12 stimulierend 12 Stimmungen 12 stillsitzen 12 Stieftochter 12 Steuereintreiber 12 Sternenzerstörer 12 Sterbende 12 sterb 12 Stephan 12 stellend 12 steinigen 12 STEHENBLEIBENDE 12 Staudamm 12 staubigen 12 stattete 12 Stärkeren 12 StargateProgramm 12 Standish 12 ständiges 12 Standford 12 Ständchen 12 Stahlhuth 12 stählerne 12 Stadtrates 12 Stadtbewohner 12 Stacheln 12 Stachelbeeren 12 stabiler 12 Staatsmann 12 staatlicher 12 Spülen 12 Sprüngen 12 sprüht 12 Spritle 12 sprengten 12 spreizt 12 Sprechstunde 12 Sprecherin 12 Sprech 12 spotten 12 Spontaneität 12 Spiritus 12 Spinnwebschloss 12 Spielzeugladen 12 Spielplan 12 Spielhölle 12 Spezialeffekten 12 Sperrmüll 12 Sperrfeuer 12 Spendet 12 spendest 12 Spektrum 12 Speisezimmer 12 Speeren 12 SPECTRE 12 special 12 Spazierengehn 12 Spatzenhirn 12 Spätzchen 12 Sparra 12 SparkleKid 12 Spanky 12 spanisches 12 space 12 Sozialversicherung 12 Sorsha 12 Sorgst 12 Sonora 12 Sonntagnachmittag 12 Sonnenblume 12 Sondersitzung 12 Sonderkommandos 12 Sommertage 12 Sommerfigurentanz 12 SOMMER 12 Somehow 12 sollten's 12 solid 12 Soiree 12 soIIen 12 Soho 12 Snusnu 12 Snowbirds 12 Snickers 12 Sneed 12 smubob 12 SMITH 12 Smee 12 Small's 12 Slot 12 Slocumb 12 SLIM 12 Sle 12 Slater 12 Sixpack 12 Sive 12 Sinus 12 Sinnbild 12 SINN 12 simultan 12 simples 12 Simona 12 Silvesterabend 12 SILBERNE 12 SILBERFARBENEN 12 Signaturen 12 SIGNAL 12 Siehaben 12 Siedlungen 12 siebeneinhalb 12 Sichtung 12 sichtbare 12 Sicherheitsraum 12 Sicherheitsproblem 12 Sicherheitslücke 12 Sicherheitskontrolle 12 Sicherheitskamera 12 Sicherheitsbeamter 12 Sicheres 12 sicherere 12 siamesische 12 Shylock 12 Shower 12 SHlNlCHlRO 12 SHllNA 12 SHlGEKAZU 12 SHlGEHARU 12 SHlBA 12 Shiv'ah 12 Shiros 12 Shinbei 12 Shimazu 12 ShewBao 12 Sher 12 Shelter 12 She'll 12 Shearer 12 Shambala 12 shall 12 Seyoon 12 Servieren 12 Serleena 12 Sepulveda 12 SeptemberAnschlägen 12 Senke 12 SenianBlume 12 Seng 12 Semyon 12 Selwyn 12 Selbstschutz 12 Selbstlosigkeit 12 Selbstkontrolle 12 Selbsterhaltung 12 SEl 12 Sekretariat 12 Seitentür 12 seitengroßes 12 seinerzeit 12 sein 12 sein' 12 Seils 12 Sehnerv 12 Segway 12 segnete 12 Sedley 12 Seaweed 12 Seasons 12 Screamin' 12 ScratchyLand 12 SCRATCHY 12 Scratch 12 Schwulentag 12 schwül 12 schwinge 12 Schwierigkeitsgrad 12 Schwesternstation 12 Schwertmeister 12 Schwatz 12 Schwanzgesicht 12 schwängerte 12 Schwangerschaftstests 12 Schwalben 12 schwächsten 12 Schutzzauber 12 Schutzbrillen 12 Schüttet 12 Schussreichweite 12 schürt 12 Schürhaken 12 Schummler 12 Schumann 12 Schulze 12 Schulsystem 12 Schulschwester 12 Schulklingel 12 SchülerGericht 12 schulen 12 schule 12 Schuldscheine 12 Schulde 12 Schulbildung 12 Schuhcreme 12 Schrammen 12 schottische 12 Schöpfungen 12 schöpfte 12 schonwieder 12 schonend 12 Schone 12 Schokokekse 12 Schockwelle 12 Schocks 12 schnupfen 12 schnippisch 12 Schneidest 12 Schnabeltier 12 Schmusedecke 12 Schmuckstücke 12 schmolz 12 SCHMERZLICHEN 12 Schmerzhaft 12 schmerzfrei 12 Schlussverkauf 12 schlussendlich 12 Schlüsselbund 12 Schlupfloch 12 schloß 12 schlimmstenfalls 12 Schlicht 12 Schleppen 12 schlechteren 12 Schlauen 12 Schlaraffenland 12 schlanken 12 Schlank 12 Schlagmann 12 Schlägern 12 Schlafes 12 Schlaf' 12 schlaf' 12 Schlachtbank 12 Schiwago 12 Schilden 12 Schiffsrumpf 12 Schiffshorn 12 schiffen 12 schiess 12 schielt 12 Schieber 12 Schichtwechsel 12 scheusslich 12 schere 12 Scheißviech 12 Scheißteil 12 Scheie 12 Scheide 12 Scheffler 12 Scheffel 12 Schausteller 12 schatz 12 Schattenseite 12 Scharfschützengewehr 12 schärfen 12 Schandtaten 12 schamloser 12 schäm 12 Schaltern 12 Schafspelz 12 Schaffung 12 Schadensbegrenzung 12 Schädeltrauma 12 Scarlite 12 Scannell 12 Sayids 12 Saure 12 Saug 12 Sauf 12 saublöd 12 SATO 12 Satellitennetzwerk 12 Satellitendaten 12 Sateda 12 saßt 12 Sarita 12 SARG 12 Saraswati 12 Santo 12 SangOk 12 Sanghwan 12 Sanae 12 Samenspender 12 Samanthas 12 Samad 12 Salvadorianer 12 SalomeSuite 12 SAKlKO 12 Saitôsensei 12 Sahnehäubchen 12 sähest 12 sagen's 12 SAEKl 12 sadistisch 12 Sadin 12 Sachar 12 saB 12 Sa 12 RYUJl 12 Rüttelt 12 rüsten 12 runterschlucken 12 runtermachen 12 runterkam 12 runtergegangen 12 runterfiel 12 Rundfunk 12 runder 12 rumzukriegen 12 rumtreiben 12 rummacht 12 rumgesprochen 12 rülpsen 12 Ruhmeshalle 12 Ruhetag 12 RUFEN 12 Rudolf 12 Rudhan 12 Rückversicherung 12 Rücktrittsgesuch 12 rückfällig 12 Rückenprobleme 12 Rubrik 12 rüberreichen 12 rübergebracht 12 ruaj 12 RQ 12 Rothschild 12 Rotation 12 Rostowa 12 Rosi 12 ROSENHANDSCHELLEN 12 ROSENHALSBAND 12 Rosanna 12 Rool 12 Romero 12 Romanen 12 rohsinn 12 roher 12 Rohdiamanten 12 Rogova 12 Rocko 12 RockMusik 12 röchelt 12 Robot 12 Roben 12 Roadmovie 12 Rizinus 12 Ritze 12 Ringtransporter 12 rings 12 Riesenangst 12 ride 12 Richterskala 12 Richtern 12 Rhytmus 12 Rhythmisches 12 Revue 12 Ressort 12 Republic 12 replizieren 12 Repertoire 12 Renpika 12 Rennst 12 Remorai 12 Rekordzeit 12 Reizdarmsyndrom 12 Reiswein 12 Reissverschluss 12 reinsteckt 12 reinsteckst 12 reinschleichen 12 Reinhardts 12 reinging 12 reingeschmuggelt 12 reinbekommen 12 regierten 12 Regenwasser 12 regelst 12 Reformen 12 Redwing 12 Redkeinstus 12 Redakteurin 12 Redakteure 12 Rechtsstreit 12 Rechtsbeistand 12 Rechteck 12 Rechen 12 reason 12 RealityShow 12 realisiere 12 Raymonds 12 rausgraben 12 rausbringt 12 Raumschiffes 12 Raumpirat 12 raufgeklettert 12 räudigen 12 Raucht 12 RAUBT 12 Ratti 12 rätselhaften 12 rationieren 12 Ratespiel 12 Rassentrennung 12 Raskin 12 Rasierapparat 12 Ras 12 Raphaelle 12 ranschleichen 12 Ränge 12 ramponiert 12 Rambis 12 Rambeau 12 Raiders 12 Raichands 12 Radiosprecher 12 radioaktiver 12 Radford 12 Rack 12 Rachsucht 12 Rabbis 12 Quiche 12 Quetschungen 12 Queenans 12 qualmt 12 Quagmire 12 Puzzleteil 12 Putter 12 Pupser 12 Puppentheater 12 Punchy 12 Pumps 12 pullern 12 PTA 12 Ps 12 Pryor 12 prügle 12 prügelte 12 Prügelknabe 12 provisorische 12 Protestanten 12 Promoter 12 Project 12 progressive 12 profitierten 12 PRODUZENT 12 Produktionstag 12 PRODUCTION 12 PRISONER 12 Primzahlen 12 Prego 12 PRÄSIDENT 12 prall 12 Potzdorf 12 Postkutsche 12 Posh 12 Pomeroy 12 POLIZISTEN 12 Polizeiautos 12 Polaroids 12 Plural 12 Plunkett 12 plünderten 12 plötzlicher 12 Plötzliche 12 Plesiosaurier 12 plazieren 12 Platter 12 Plattenladen 12 Plato 12 Platée 12 PlasmaTV 12 Plappermaul 12 Plainview 12 Pjotr 12 Pizer 12 Piu 12 Pit 12 pinkfarbene 12 Pinkelpause 12 pinke 12 Pinata 12 Pilgerreise 12 Pico 12 Pickinger 12 PIatz 12 physikalische 12 physikalisch 12 philosophische 12 Philips 12 Philharmonie 12 Philby 12 Pharmazeutika 12 Phantombild 12 Pflichtgefühl 12 Pfarrhaus 12 Pfarrei 12 Pfandbriefe 12 Pfählen 12 Pfähle 12 Peyman 12 PETScan 12 Petrischale 12 Pessimist 12 Pervers 12 pertekt 12 permiso 12 Perfektionist 12 Pepito 12 pensionieren 12 Pennymarket 12 Pelé 12 peinliches 12 Peilgerät 12 Peanut 12 Pawley 12 Paulus 12 Patschuli 12 patronen 12 Patenkind 12 Passend 12 Partridge 12 Parra 12 Parodien 12 Parlamentsgebäude 12 Pardee 12 Parcher 12 Parallele 12 Paraden 12 Pantoffel 12 Pannonien 12 Panchali 12 Palo 12 Paikea 12 Paganini 12 Paddeln 12 p 12 Owney 12 OUVERTÜRE 12 Ouvertüre 12 Ostasien 12 os 12 originelle 12 Originalfilm 12 organisiertes 12 Orellana 12 Ordnen 12 OrangUtan 12 Orakels 12 OR 12 optisch 12 Opera 12 Ooooh 12 OOBAYASHl 12 önnen 12 ones 12 OMS 12 Ominae 12 Ollig 12 Okyo 12 Okono 12 OKlNO 12 Okaya 12 Okavango 12 OKADA 12 Ohnmächtig 12 OHARU 12 O'Hare 12 Ohama 12 Öfter 12 OFFIZIER 12 offensiv 12 offensichtlicher 12 offenkundig 12 Oé 12 O'Donnell 12 Odette 12 OCHlAl 12 Obszönitäten 12 obliegt 12 Oberlicht 12 Oberland 12 ObdachlosJoe 12 nuttige 12 Nutley 12 Nüstern 12 'Nur 12 nummer 12 nullachtsechs 12 nuckeln 12 Notizbücher 12 Nöten 12 Nostromo 12 Northwestern 12 northeast 12 Noriyasu 12 Nordturm 12 NordSeite 12 nordöstlichen 12 nordöstlich 12 Nordkalifornien 12 Nordirland 12 Nomade 12 noch'n 12 Nobu 12 Nitrat 12 Nissan 12 NIEMAND 12 niedrigsten 12 Niedrige 12 niederprasseln 12 niedere 12 Nickie 12 nichtsnutzigen 12 'Nicht 12 Nichol 12 Nichelle 12 NHK 12 Newsweek 12 Neutronen 12 neurotische 12 Neuner 12 Neunen 12 nerviger 12 Nerd 12 Neptune 12 Nelsons 12 Nelken 12 Nelke 12 Nel 12 Nein 12 Negativen 12 Neese 12 Need 12 nebensächlich 12 Nebenrolle 12 nd 12 Nazirs 12 Naturforscher 12 Nationalfeiertag 12 Nationaler 12 Nataku 12 Nasyaner 12 Nasenloch 12 Nasenlänge 12 Näschen 12 närrisch 12 Naoto 12 'Nanto 12 NANBA 12 Namid 12 Najeev 12 Naito 12 nachzuforschen 12 Nachtdienst 12 Nachtarbeit 12 Nachrichtensender 12 NACHRICHT 12 Nachmittagstee 12 Nachmittage 12 nachgebe 12 nachfüllen 12 nacheifern 12 Nachbeben 12 Nachbau 12 mystisch 12 mysteriöses 12 mutiges 12 mutieren 12 Muße 12 Muschka 12 muS 12 Murakami 12 munkelt 12 Mung 12 Mums 12 Müllsack 12 Muffensausen 12 Muchas 12 Move 12 Mos 12 Moryc 12 Mörtel 12 mornin' 12 Mormone 12 'Morgen 12 Moosung 12 Moorpark 12 montieren 12 Mononoke 12 MONDESTROPFEN 12 Monarch 12 Mom's 12 MOMONARl 12 Molière 12 molekulare 12 Molch 12 Moi 12 Moha 12 MÖGLICH 12 Mogambo 12 Moechan 12 mmObjektiv 12 MllNA 12 mitzählen 12 mittleres 12 Mittellinie 12 mittel 12 mitteilt 12 mitte 12 mitmischen 12 mitfeiern 12 Miteinander 12 mitansehen 12 misstrauischer 12 Mississippis 12 mission 12 missglückt 12 Misere 12 mirwas 12 Mirror 12 Minneapolis 12 Mingori 12 Mineral 12 mine 12 Milner 12 Millwall 12 Millionärin 12 Militärischen 12 Milf 12 mildern 12 MilchBauern 12 Mikrowellensender 12 Midway 12 Midori 12 Michio 12 MiB 12 MeterRadius 12 Metanoide 12 Metalldetektoren 12 Meriweather 12 Merengue 12 Mentalität 12 Menschheitsgeschichte 12 Menschenkenner 12 Menschenfresser 12 Menscheit 12 Memento 12 Meld 12 Melchior 12 Mela 12 meister 12 Meier 12 meide 12 Mehrmals 12 MEGUMl 12 Megans 12 Medizinischen 12 MEDIEN 12 Mecker 12 Mechanical 12 Meadows 12 MCManus 12 Mc 12 Mayhew 12 Maybe 12 Mattisburg 12 Matheson 12 mathematisch 12 mata 12 massives 12 Massiv 12 Massenhysterie 12 massakrieren 12 Masayoshikun 12 Masanga 12 MASAKAZU 12 MASAHlDE 12 MARTHA 12 Maronis 12 Marktes 12 Märkte 12 markierten 12 Markenname 12 Maritza 12 Marinesoldaten 12 Marcee 12 Marauder 12 ManyDJs 12 Mansfield 12 man´s 12 Manno 12 Mannequin 12 Manji 12 Manipulationen 12 Mandoline 12 mal'n 12 Mallepa 12 Malkovichs 12 Malebolgia 12 Malachi 12 Makel 12 majestätische 12 Maisbrot 12 mahlt 12 Magneto 12 Magazins 12 Maddox 12 Mädchenschule 12 Macy 12 Machiavelli 12 Macer 12 Maat 12 LV 12 lungert 12 Lungenflügel 12 Lund 12 Lumpkin 12 LULALA 12 lukrative 12 lui 12 Lügnern 12 Luftschutzkeller 12 Luftjagen 12 Luftaufnahmen 12 low 12 Louison 12 loszukommen 12 losgelöst 12 löschten 12 Looping 12 Lonely 12 Lo'la 12 LOL 12 Lokus 12 Loki 12 Logos 12 Locos 12 lockten 12 lockert 12 lochen 12 lnteressiert 12 lnteressantes 12 lnstitut 12 lnstinkt 12 lnsgesamt 12 lnnern 12 lmpulsantrieb 12 lmbrie 12 Lloyd's 12 llorón 12 Living 12 Lithium 12 Lion 12 Linebacker 12 linear 12 Linderung 12 limitierte 12 Liftboy 12 LIFE 12 LIEBST 12 Lieblingsstück 12 Lieblingssatz 12 Lieblingsplatz 12 liebender 12 Liddy 12 lichterloh 12 Liberia 12 liberalen 12 Levy 12 leuchtendes 12 leuchtender 12 LEUCHTENDE 12 letzthin 12 letzt 12 Letze 12 Lesestoff 12 Lepidus 12 Leitender 12 Leica 12 leibt 12 lehn 12 legitimieren 12 Legionärskrankheit 12 legendärer 12 LEG 12 Lefèvre 12 Leeman 12 Lediglich 12 LECKE 12 Leberwurst 12 Lebensabend 12 Leanne 12 Layton 12 lauwarm 12 läutt 12 Lautsprecherdurchsage 12 läutete 12 Lauschen 12 Laugh 12 Lauge 12 Lauch 12 Lätzchen 12 lateinisch 12 lateinamerikanische 12 Lasky 12 LaS 12 Larz 12 Larven 12 Larve 12 Lansquenet 12 langt's 12 langjährigen 12 langjährige 12 längerem 12 Längengrad 12 Landsleuten 12 Landmate 12 Landkarten 12 landeinwärts 12 Lalo 12 Lakha 12 Lahme 12 Lahiri 12 Lagers 12 Laborratten 12 Laborberichte 12 Laborarbeit 12 Kutschen 12 Kuskus 12 Kuscheln 12 Kusaka 12 KUROSAWA 12 KURlMOTO 12 Kuribayashi 12 KürbisFest 12 Kurando 12 Kurama 12 Kunststoff 12 Kunstform 12 Kümmre 12 Kummers 12 KUMlKO 12 kulturelles 12 kultivierte 12 Kuka 12 Kuk 12 Kühlung 12 Kühlsystem 12 Krüge 12 Kronprinzen 12 KRITISCH 12 Krishi 12 Krippenbabys 12 Krimskrams 12 Kriegsveteran 12 Kriegslist 12 Krewe 12 kreuzte 12 KREUZ 12 Kraulschlag 12 Kratzbürste 12 Krankenrevier 12 Kranaufnahme 12 krampfhaft 12 Krampfanfälle 12 Krabbencocktail 12 Koyuki 12 KOYASHU 12 Kowalchuk 12 KOTOMl 12 Kotelett 12 Kosinski 12 Körperhaltung 12 Koroku 12 Koppel 12 Kopilot 12 Kopfzerbrechen 12 Kopalski 12 konzentrierter 12 konvertiert 12 kontroversen 12 Kontrollpunkte 12 Kontrahenten 12 kontaktierten 12 konsultiert 12 Konstruktionen 12 konstante 12 Konig 12 Kongressabgeordneter 12 Konferenzschaltung 12 Konfekt 12 Komteß 12 Komtess 12 Kompliziert 12 Kommunikationsabteilung 12 Kommissariat 12 Kommander 12 Komischerweise 12 KOlKE 12 Kokumo 12 Kohlenstoffeinheiten 12 Kohlensäure 12 Kogen 12 Knusprig 12 knistert 12 knietief 12 Kniebeugen 12 knew 12 kneten 12 Kneifzange 12 knappes 12 Klux 12 Klosterschule 12 Klopfzeichen 12 Kloake 12 klitzekleiner 12 Klimaanlagen 12 Klicks 12 Klemmen 12 Kleinod 12 kleinkriegen 12 Kleingedruckte 12 KLEINE 12 kleideten 12 Kleiderbügel 12 Kleenex 12 Kleb 12 Klau 12 Klassenraum 12 Klaro 12 Klapperkiste 12 Kläffer 12 kläff 12 Kiyomori 12 KitKat 12 Kiriya 12 Kirchenlied 12 Kingston 12 King's 12 Kindliche 12 Kilt 12 Killifer 12 Killerkommando 12 Killerin 12 Kikeriki 12 Ki 12 Khun 12 Khija 12 Kettenraucher 12 ketten 12 KETTE 12 Kerzenschein 12 Kernschmelzen 12 KenOhki 12 Kenickie 12 Keng 12 Kelson 12 kellnern 12 KEllCHl 12 keeps 12 Kaye 12 Kayak 12 Kawanami 12 KATSUYUKl 12 Kathedralen 12 Kästen 12 kassiere 12 Kassenwart 12 Kassengift 12 KASAHARA 12 Kärtchen 12 Karree 12 Karp 12 KARlN 12 KarlHeinz 12 KaraokeBar 12 kara 12 kaputtgelacht 12 kaputtgeht 12 Kapit 12 Kapazitäten 12 KANAL 12 Kanaan 12 Kämpfst 12 Kämpfens 12 kämpfend 12 Kampfeinsatz 12 Kampala 12 Kaminfeuer 12 Kamerabewegungen 12 Kamels 12 kaltherzig 12 Kalinin 12 Kalel 12 Kajak 12 Kaffeehaus 12 Kabir 12 Kabelanschluss 12 JUNTA 12 JUNlCHl 12 JUNI 12 Jüngster 12 jüngster 12 jungle 12 Jungenschule 12 Junction 12 Juma's 12 Jugendzentrum 12 jugendfrei 12 Judd 12 Judahs 12 Juaristas 12 Jothee 12 Josselin 12 Josh's 12 Jordon 12 Joonghyun 12 JongSoo 12 join 12 JOE 12 Jodeleridi 12 JinSoo 12 Jins 12 Jingle 12 jimmy 12 JiaJen 12 Jetzt 12 Jenova 12 JeanPhilippe 12 JazzMusik 12 Jaykinson 12 Javi 12 Jarré 12 Jarmin 12 Jarada 12 JANUAR 12 Jagaras 12 Jacuzzi 12 Jacko 12 Iwanowitsch 12 ITCHY 12 Italian 12 Isthmus 12 Islamabad 12 Isildur 12 ironischerweise 12 Irakis 12 Invercargill 12 interessantere 12 Interceptor 12 Instanz 12 Instant 12 Instandhaltung 12 Inserat 12 InoueStiftung 12 Inosuke 12 Innings 12 Inkubationszeit 12 Inger 12 infolge 12 Inessa 12 Indischen 12 INDIEN 12 imposante 12 imponiert 12 implodieren 12 Impfungen 12 Impfung 12 immerfort 12 imitiere 12 Illyria 12 Ikeda 12 IHM 12 Ignoriert 12 ignorier 12 Ignorant 12 Iggy 12 IchIchIch 12 ich' 12 HyunGak 12 Hyperspace 12 Hyperrage 12 Hymnen 12 hyde 12 hut 12 Hustle 12 huste 12 Hussey 12 hüpfst 12 hüpfe 12 Hüpf 12 Hungerlohn 12 hundemüde 12 Hundefänger 12 Hunan 12 Hühneraugen 12 Hughie 12 http//wwwsubtitlesde 12 house 12 horte 12 Hors 12 Hornbrille 12 hora 12 homo 12 Homn 12 Holzschwert 12 holtest 12 Hollywoods 12 Höllisch 12 HoJon 12 höfliche 12 Hoffung 12 Höfen 12 Hofdame 12 Hodensack 12 HOCHZEIT 12 höchstem 12 Hochspannung 12 hochrangiger 12 hochnäsige 12 hochkriegt 12 hochgeladen 12 hochgekommen 12 Hobbitse 12 HlTOSHl 12 HlROKO 12 hit 12 Hiroko 12 Hirngespinste 12 hinwollte 12 hintreten 12 Hinrichten 12 hingeworfen 12 HINGEBEN 12 hineinversetzen 12 hineinsehen 12 Hindry 12 hinauswollen 12 hinauslaufen 12 Himmelspforte 12 Hillman 12 Hillcrest 12 Hilfskraft 12 Hilflosen 12 Hiisama 12 HiIf 12 Highcliff 12 Hielt 12 Heut' 12 Heult 12 hetze 12 Hess 12 Herzschmerz 12 Herzogtum 12 herzlicher 12 hervorzubringen 12 heruntergeladen 12 herumzusitzen 12 herumkommandieren 12 herumgehen 12 herrschenden 12 Herrera 12 herrausfinden 12 Hermenthotip 12 herhaben 12 hergibt 12 Herghelegiu 12 hergehört 12 herauszugeben 12 Herauszufinden 12 heraushalten 12 herausbringen 12 Hepburn 12 HenriMichel 12 Henning 12 Hennessey 12 Henkersmahlzeit 12 Henderson's 12 Hellschopf 12 hello 12 HellA 12 Helikopters 12 Helfe 12 Heldentat 12 heldenhafter 12 HEKlRU 12 heit 12 heiSt 12 Heißluftballon 12 Heisse 12 Heimvideos 12 heimisch 12 heiligt 12 Heilbutt 12 heIfen 12 hei 12 Hefter 12 Heermeister 12 heckt 12 heaven 12 heard 12 Health 12 HD 12 HBO 12 Hays 12 HAYASHlBARA 12 Hawking 12 Hausmeisters 12 Hauslehrer 12 Hausherrin 12 Hauptstraßen 12 Hauptreaktor 12 Hauptkommissar 12 Haufenweise 12 HattoriHanzoSchwert 12 HATTE 12 HATAKE 12 Haßloch 12 Hasselhoff 12 Haschmami 12 Harumatsu 12 harmonieren 12 Harmlose 12 Harlow 12 HaraKiri 12 Hanteln 12 Hanley 12 Hank's 12 Hanjiro 12 Handzettel 12 Handtüchern 12 HANDGELENKE 12 Hämmer 12 haltend 12 Halsschmerzen 12 Halsbänder 12 halluzinieren 12 HALLT 12 'Hallo 12 Haldiram 12 Haldeman 12 Hagerstown 12 hagelt 12 Hacke 12 Habicht 12 hab` 12 haare 12 Haaransatz 12 Gypsy 12 Gyllenhaal 12 Guzman 12 guys 12 Gutsherr 12 gutartig 12 gut' 12 Günther 12 Gültigkeit 12 Guinea 12 Guadalupe 12 G's 12 Grütze 12 gruppe 12 grunzen 12 grünem 12 Grundidee 12 Grüezi 12 größtem 12 großherzig 12 Grog 12 Grob 12 Griffel 12 griesgrämig 12 Grete 12 Greta's 12 Greco 12 graziös 12 gravierend 12 Gratisessen 12 Grasse 12 Grandios 12 GrammatikRodeo 12 Grals 12 grabt 12 GPSSignal 12 Goyo 12 Goursaud 12 gottlos 12 Gorobei 12 Gopdahn 12 Gojoe 12 Gockel 12 Gnadenstoß 12 Glühen 12 Glorys 12 Glockenturm 12 glitzernden 12 Gliba 12 Gleitmittel 12 gleichwertig 12 Gleichgesinnten 12 glaubhafter 12 Glassplitter 12 GIück 12 Gitterstäbe 12 GilliDanda 12 Gillespie 12 Gilchrist 12 Giften 12 GiftBericht 12 gib' 12 Ghana 12 Gewürzen 12 Gewinde 12 geweitet 12 geweht 12 getroffenen 12 Gesundheitswesen 12 gestreikt 12 gestaltest 12 GESPERRT 12 gespeist 12 gesinnt 12 Gesichtes 12 Gesetzvorlage 12 Gesetzte 12 Gesetzgeber 12 geschmolzene 12 Geschlossene 12 Geschenkpapier 12 geschehn 12 geschätzte 12 Gesamtheit 12 gesammte 12 gerungen 12 geruht 12 Gerste 12 Gerson 12 gern' 12 Gerichtsvollzieher 12 GERICHT 12 Gerberei 12 geradestehen 12 gepustet 12 Geologie 12 Geografie 12 generiert 12 Genehmigungen 12 genannter 12 Gemischtwarenladen 12 Gemeinderat 12 gelungene 12 Gelth 12 Gelöscht 12 Gelobte 12 geloben 12 Gelingen 12 Geliebtes 12 Geldanlage 12 Gelber 12 gekochtes 12 gek 12 Geisteskrankheiten 12 Geisteskranker 12 Geiselsituation 12 Geigenmusik 12 Geht´s 12 Gehörlose 12 Gehirnchirurgie 12 geheimgehalten 12 GEHEIM 12 geheftet 12 Gegensprechanlage 12 gegenseitige 12 Gegebenheiten 12 Gefühlsduselei 12 gefeit 12 Gefechte 12 Gefällts 12 Gefälle 12 gefahrlos 12 gefährde 12 Geeta 12 Gedulde 12 Gedankenlesen 12 gedanken 12 Gedächtnisse 12 gecastet 12 Geburtsrecht 12 Gebrauchsanweisung 12 gebratener 12 Gebratene 12 gebilligt 12 Gebeine 12 geatmet 12 Gaunereien 12 Gaultier 12 Gauloises 12 Gatter 12 gas 12 Garn 12 garantierte 12 Ganske 12 Gallonen 12 GALILEO 12 Gaea 12 gabt 12 Gable 12 Gabelstapler 12 Gaashah 12 Füsiliere 12 für´s 12 furchterregender 12 funktioniere 12 Funktionär 12 fungiert 12 Fünfundzwanzig 12 fünftes 12 Fünfen 12 fummelt 12 fuenf 12 Frustrationen 12 Frühlingsrolle 12 Frühaufsteher 12 Fruchtfleisch 12 Frostbeulen 12 Frohen 12 frivol 12 Friedenskorps 12 Friedensabkommen 12 freundschaftlicher 12 Freudenhaus 12 Freizeitpark 12 freigelegt 12 Freigeist 12 Frecher 12 Frauenkleider 12 Frauengefängnis 12 Franny 12 Fraktur 12 Fraktionen 12 fraglichen 12 Fragender 12 FRAGEN 12 Frabendessen 12 Fr 12 Foxtrot 12 Fouquet 12 Foundation 12 Fotoshooting 12 fotogen 12 Föten 12 fortschrittlichste 12 fortpflanzen 12 Forschungsergebnisse 12 Forschungsarbeit 12 Forschungs 12 Forresters 12 forom 12 Formiert 12 Forio 12 Forever 12 förderlich 12 Fontäne 12 folgendem 12 folg 12 Flugzeit 12 Flugroute 12 Flügen 12 FLÜGEL 12 Florenz 12 Flint/Michigan 12 Flinkman 12 flinke 12 fliehn 12 Flemming 12 Fleischkloß 12 Flashback 12 Flair 12 Flach 12 finstern 12 finish 12 FINGERSPITZEN 12 Fingernagel 12 finanziere 12 Finanzielle 12 filmst 12 Feurig 12 Feuerwerke 12 Feuerwehrvorsteher 12 Feuermuff 12 Feueralarmübung 12 feststellte 12 festsaß 12 festgeschnallt 12 festgeklebt 12 Fernsehserien 12 Fernsehers 12 fernes 12 FERNE 12 Fensterscheiben 12 Fensterscheibe 12 Fensters 12 Feministin 12 felt 12 Felsted 12 Felle 12 Feldherr 12 Feindesland 12 feierliches 12 Fehlzündung 12 fehlgeleitet 12 fehlerhafte 12 Fehlalarm 12 Feef 12 Federung 12 FEDERN 12 FBIs 12 Fazit 12 Faulkner 12 Fatman 12 fataler 12 Fassungen 12 Faru 12 Farr 12 Farn 12 Fargos 12 Farbstoff 12 Farbiger 12 Fantasia 12 Fange 12 fänd 12 Fancy 12 Familiengeschichte 12 Familienehre 12 Familienbesitz 12 fälscht 12 FÄLLT 12 Fallschirmspringer 12 Falcones 12 Falcon 12 Fahrradfahren 12 Fahrers 12 Fahndungsliste 12 Fähig 12 fad 12 Fabre 12 Fa'afetai 12 Ezra 12 Extension 12 Export 12 explodierenden 12 experimentierte 12 experementiert 12 exklusives 12 Exklusiv 12 existierenden 12 Executive 12 ExCop 12 Evanston 12 Eunjin 12 Euijin 12 Etsuo 12 Ethans 12 está 12 Essbares 12 Essays 12 Eseln 12 erzielte 12 Erwürgen 12 erworbenen 12 erwirkt 12 erwill 12 erwecke 12 Eruptivgestein 12 erträumen 12 ertappen 12 erstrahlen 12 erstellte 12 erstaunlichste 12 Erstaunliche 12 ersetzten 12 Erschöpft 12 erschließen 12 erschieBen 12 Erscheine 12 erregte 12 erregender 12 errate 12 erotischer 12 Eröffnungssequenz 12 ermorde 12 ermittelte 12 Ermengarde 12 ERLEBT 12 erlasse 12 Erie 12 Erhabener 12 ERGIESSEN 12 ergib 12 ergattert 12 erfundenen 12 Erfrierungen 12 erfinderisch 12 ErdTod 12 Erdallianz 12 Erbse 12 erbeben 12 erbaute 12 Erbauer 12 erbarmungslos 12 entzündeten 12 entwickle 12 entsprang 12 entsendet 12 entscheidung 12 entmutigend 12 entmannt 12 entmachtet 12 entledigen 12 Entlassenen 12 entglitten 12 entgegengestellt 12 entgegengebracht 12 ENTFERNTEN 12 Enos 12 Enforcement 12 Energieverlust 12 Endometriose 12 Encino 12 empfindlichen 12 emotionslos 12 Emmitt 12 Emeraude 12 Elsie 12 Elrond 12 ElricBrüder 12 ElKO 12 Electronics 12 Elb 12 elastisch 12 EL 12 Ekrem 12 ekliges 12 einzustecken 12 einzuschließen 12 Einzelheit 12 Einzelfall 12 einwenig 12 Einweihung 12 Einwanderern 12 einstürzte 12 Einsteins 12 Einsparungen 12 einschließt 12 Einsatzwagen 12 einsatzort 12 EINSAMKEIT 12 Einsamer 12 Einsacker 12 einkreisen 12 einkehren 12 Einkaufscenter 12 EINIGE 12 einhundert 12 Einhaltung 12 eingepennt 12 eingenistet 12 eingebläut 12 Einfühlungsvermögen 12 Einflusses 12 Einflüssen 12 einfließen 12 Einfachste 12 'eine 12 eilten 12 Eigentümerin 12 EIGENER 12 Eigenarten 12 Eiersalat 12 eidesstattliche 12 Eichelberger 12 Ehrgefühl 12 Ehrenwerter 12 ehrenvolle 12 Ehrenmedaille 12 ehrenhalber 12 Ehemalige 12 Edmond 12 Edge 12 EDGAR 12 Edelsteinen 12 Edelsteine 12 Edelmut 12 Eau 12 DVDPlayer 12 Düster 12 Dussel 12 Duschvorhang 12 durchsetzt 12 durchmachten 12 Durchkommen 12 durchgespielt 12 durchfüttern 12 durchdrang 12 Duras 12 Durant 12 Durango 12 Duquette 12 Dumpfes 12 DuLoc 12 Dulles 12 Duhast 12 Dubinsky 12 Dry 12 Drugs 12 Drucken 12 Drohst 12 Drogenmissbrauch 12 Dringende 12 DRESSUR 12 dreiundzwanzig 12 Dreiecks 12 Drecksladen 12 dreams 12 drankommen 12 Drakes 12 Dowd 12 dotch 12 dortige 12 DORF 12 DopplerEffekt 12 'Donkey 12 Donaldson 12 Dominics 12 DollarLansdowneStakes 12 Dole 12 doing 12 dog 12 Dodson 12 Doðan 12 Dobosh 12 Dobermänner 12 DNSTest 12 DNice 12 DJs 12 Djimon 12 diskriminieren 12 Dis 12 dir'n 12 Dior 12 Dio 12 Diktat 12 Diesbezüglich 12 Dienstakte 12 Dienstagabend 12 Dieners 12 Diebes 12 die 12 Did 12 Devil 12 Deveaux 12 deutliches 12 DETECTIVE 12 desertiert 12 derjunge 12 Derartiges 12 deprimieren 12 deportieren 12 Depeschen 12 Dents 12 DenslowCup 12 DeltaTeam 12 Delikatessen 12 Dekorationen 12 Deko 12 DeGepse 12 Deepest 12 DEEN 12 Deckhelfer 12 Debussy 12 Dberst 12 dazusitzen 12 DAZU 12 davonzukommen 12 Daumenabdruckmörder 12 Däumchen 12 dauerten 12 Datsche 12 Datenchip 12 ´Das 12 Dartmouth 12 dart 12 Darstellungen 12 darou 12 Darlings 12 darlegen 12 Dario 12 dankbarer 12 Dam 12 daliegen 12 DAIEI 12 Daesung 12 Dachse 12 Cyril 12 Cutting 12 Cutman 12 Crush 12 Crowley 12 Crossing 12 Crisis 12 Cranes 12 Crackpfeife 12 CPU 12 Cowgirl 12 Coulson 12 Cortisol 12 Cork 12 Core 12 Corbin 12 control 12 Continental 12 Consolidated 12 Consigliere 12 Connex 12 Connell 12 Comtesse 12 COMPLEX 12 Comodeen 12 Commendatore 12 Comme 12 comme 12 ComicCon 12 com/bbs= 12 'Colonial 12 Collet 12 colaphum 12 Coemans 12 codiert 12 Codetalker 12 Cliffs 12 Cisco 12 Cinderella 12 ChunBae 12 Chronotonen 12 Christophe 12 Christabels 12 Chopra 12 Choo 12 Chlö 12 Chiu 12 chirurgisch 12 chief 12 chez 12 Chekov 12 Charmaine 12 Champaner 12 Cervantes 12 Cee 12 Cdr 12 Cayenne 12 Cattano 12 Catfi 12 carte 12 cars 12 CarrieAnne 12 Carmody 12 Carabinieri 12 Can't 12 Candace 12 Canada 12 Came 12 came 12 Callgirl 12 Calitri 12 Californien 12 Cale 12 Cabernet 12 Bußgeld 12 Buslinie 12 Busens 12 Burritos 12 Büroklammern 12 Bürojob 12 Burgvogt 12 Bürgerrechten 12 bürgerlichen 12 Bürgerentscheid 12 Buren 12 Burdett 12 Bundesbehörde 12 bummeln 12 Buggin 12 Buergermeister 12 Budd 12 Buchhändler 12 BUCHHALTER 12 Bubo 12 Bubblegum 12 BRYAN 12 Brüderlichkeit 12 brüchig 12 Broome 12 Brook 12 Bronchitis 12 Broflovski 12 Brodie 12 britischem 12 Brillante 12 Brigadegeneral 12 Bridgeport 12 Brettspiel 12 breites 12 breeze 12 BREAKHEROESROMENCIS 12 Brautstrauß 12 Braunes 12 Braue 12 Brasi 12 Brainstorming 12 Brainstorm 12 brain 12 Bracket 12 BR 12 Bowman 12 Bourget 12 Boudoir 12 Botenjunge 12 Botengänge 12 Borman 12 Bootcamp 12 bones 12 bone 12 BONDARTSCHUK 12 Bombenkommando 12 Bombenangriffe 12 Bolton 12 Bohrtürme 12 Bohrturm 12 bog 12 Böcke 12 Bobbi 12 board 12 bo 12 Blutspenden 12 blutrünstiger 12 blutrünstigen 12 Blutrausch 12 blubbert 12 bloßzustellen 12 blockt 12 Blockhütte 12 Blitzschlag 12 blinken 12 Blink 12 Blickpunkt 12 Blickkontakt 12 Blechbüchse 12 Blaster 12 Blässe 12 Blamier 12 Biu 12 Bitzer 12 BITTEREN 12 Bithia 12 Bisswunde 12 bissen 12 Birken 12 Bindeglied 12 BINDE 12 Bierkos 12 Bierflaschen 12 Bierflasche 12 BierBaron 12 Biege 12 Bezieht 12 bezaubernder 12 bezaubern 12 Bewusstlosigkeit 12 Bewundern 12 bewegungslos 12 Bewegungsfreiheit 12 bevorstehen 12 Beunruhigend 12 betrauen 12 beteiligten 12 betankt 12 Besuchstag 12 Bestehen 12 Besserem 12 bespricht 12 bespitzelt 12 besinnungslos 12 Besichtigungstour 12 besichtigt 12 beschwichtigt 12 beschwerlich 12 Beschuldigung 12 beschriftet 12 beschränkte 12 beschissenste 12 beschimpfte 12 bescheuertes 12 Bescheuerter 12 beschattete 12 BERÜHRUNG 12 Berufserfahrung 12 Berücksichtigung 12 Berichts 12 bereute 12 Bereitschaftsdienst 12 Bereichsleiter 12 Bereichs 12 Benitez 12 bene 12 bemüh 12 Bemitleide 12 bemerkenswertes 12 Belzan 12 Belohnungen 12 Belize 12 Bekloppter 12 Bekenntnis 12 bekanntgeben 12 Bekannt 12 Bekamen 12 beine 12 Beinchen 12 beilegen 12 beigesteuert 12 beigesetzt 12 beibringt 12 beibringst 12 Behn 12 Behinderten 12 Behandlungsmethoden 12 behaarte 12 begünstigt 12 begünstigen 12 Begriffen 12 Begreif 12 begrapscht 12 begin 12 begießen 12 befürchteten 12 befriedigte 12 Befreiungsaktion 12 Befreier 12 befindliche 12 Beere 12 beendeten 12 beeinflussten 12 Beeindruckt 12 Beeindruckender 12 beehrt 12 bedeutungslosen 12 Bedeutungen 12 bedeckten 12 Bedecke 12 bedecke 12 bedauernswerte 12 Bedanke 12 bebt 12 beantwortete 12 beängstigt 12 Beamtin 12 beachtlicher 12 Baumbart 12 Bauerntölpel 12 Bauchhöhle 12 Bauart 12 Bato 12 Batai 12 Bassist 12 Bassam 12 Bartolomeo 12 Barrikade 12 Barometer 12 Barnhardt 12 Barke 12 Barcode 12 BAO 12 Bankin' 12 BankExchange 12 Bandenmitglied 12 banalen 12 Ballwechsel 12 baldige 12 bakterielle 12 Bajo 12 bairn 12 Baines 12 bahnt 12 Baha 12 Bade 12 Backstein 12 Bachs 12 Babynahrung 12 Ayla 12 Aww 12 Avi 12 Aventin 12 Autorennen 12 Automobile 12 Autokennzeichen 12 AUTO 12 Authorisierung 12 authentischer 12 auszuzahlen 12 auszuspielen 12 auszunehmen 12 Austrittswunde 12 ausstrahlen 12 Aussteuer 12 Ausstellungen 12 Außenstelle 12 Außenhülle 12 Aussehens 12 ausscheiden 12 Aussätzigen 12 ausrutschen 12 Ausrüstungen 12 ausrastest 12 auspusten 12 ausliefert 12 ausharren 12 Ausguss 12 ausgetrieben 12 Ausgestoßene 12 ausgeschüttet 12 ausgeschimpft 12 ausgepumpt 12 ausgekommen 12 ausgehungert 12 ausgefahren 12 AUSGANG 12 Ausfüllen 12 auseinanderreißen 12 Ausdrucks 12 ausdenkt 12 auschecken 12 ausblenden 12 Auktionator 12 Augenzeugin 12 Augenhöhe 12 Augenblicks 12 aufzuspielen 12 aufzuladen 12 aufzukaufen 12 aufzufrischen 12 aufzeigt 12 AUFWIRBELNDEN 12 aufweisen 12 Auftritten 12 Auftrags 12 aufstrebender 12 aufstocken 12 aufsitzen 12 Aufschwung 12 aufschließen 12 aufsässig 12 Aufruhren 12 aufruft 12 aufrege 12 aufhörten 12 aufhob 12 aufhielt 12 aufhebt 12 aufgetankt 12 aufgetan 12 aufgesammelt 12 Aufgebens 12 auffälliges 12 aufdich 12 Atten 12 AtomUBoot 12 Atomkern 12 Atheon 12 Atheisten 12 Atemluft 12 atemberaubende 12 Ästhetik 12 Asteroidengürtel 12 assistiere 12 Assan 12 Assalaamu 12 ASIATISCHER 12 Asa 12 Artischocken 12 Artgenossen 12 Artaban 12 Armeniern 12 ARKReaktor 12 Arkadier 12 Aristokraten 12 Ärgere 12 archiviert 12 Arcamax 12 Arc 12 Arbeitsvertrag 12 Arbeitsstelle 12 Arbeitslos 12 Arbeitskollege 12 Arbeitskleidung 12 Arayashiki 12 Aragog 12 Aquitaine 12 Äquator 12 Applegate 12 Apfelmus 12 AOl 12 anzuzeigen 12 anwerben 12 anwendet 12 Anwaltsbüro 12 anvertraue 12 antreffen 12 Antje 12 antiker 12 Ansturm 12 ansehnliche 12 anschaun 12 Anonym 12 annulliert 12 anlegst 12 anklopft 12 Animal 12 Anhängerschaft 12 Angriffsformation 12 angeschnitten 12 angemalt 12 Angeberin 12 Angeberei 12 Anführern 12 Anflugskontrolle 12 anfleht 12 anfechten 12 anfänglich 12 Android 12 Andrang 12 Andolini 12 Andersons 12 anderenfalls 12 ANDEREN 12 Anderem 12 Andalusien 12 Anchovis 12 Anästhesie 12 Anarchist 12 Analysieren 12 Analverkehr 12 amüsierten 12 Amul 12 Ämter 12 Amphipoli 12 AMl 12 Amasawa 12 alters 12 AlphaTeam 12 Alphahund 12 Alone 12 allwissenden 12 allwissend 12 ALLTAG 12 allmächtiger 12 AllIn 12 Allerwertesten 12 allermeisten 12 allerliebst 12 ALLERDINGS 12 Allentown 12 Aliya 12 ALFIE 12 AlFarik 12 Alexs 12 Albernes 12 Alarmsysteme 12 Alarmglocken 12 Aladdins 12 Akzente 12 akute 12 Akupunktur 12 AKTIVIERT 12 aktives 12 Akademische 12 ak 12 AIs 12 Ahn 12 Ähhh 12 Agnaten 12 Agenda 12 Afterparty 12 AfrikaBienen 12 Affairs 12 Advanced 12 Adelsstand 12 Adelmo 12 Achtern 12 abzuwerfen 12 abzuwaschen 12 abzutreten 12 abzustürzen 12 abzustatten 12 Abwässer 12 Absurdität 12 abstellt 12 Absolvent 12 Absitzen 12 abschneidet 12 Abschlüsse 12 abschließe 12 abschießt 12 Abschaffung 12 absaufen 12 Absalon 12 absägen 12 About 12 abmurksen 12 Ableger 12 Abläufe 12 abkratzt 12 Abholung 12 abholte 12 Abgüsse 12 Abgründe 12 abging 12 abgewürgt 12 abgestattet 12 abgesoffen 12 abgeklappert 12 abgebracht 12 abfällig 12 Aberich 12 abergläubischer 12 Abendrot 12 Abenden 12 abdichten 12 Aarfy 12 AAber 12 ä 12 á 11 Zysten 11 Zwitter 11 Zwischenspiel 11 Zweiundzwanzig 11 zweitklassig 11 Zweitausend 11 Zweifelsfall 11 Zweiergruppen 11 Zweibeiner 11 zWei 11 zuzugucken 11 Zustandes 11 zuschicken 11 zusammenzustellen 11 zusammenzuhalten 11 Zusammenstellung 11 zusammenstehen 11 zusammengetragen 11 zurückverfolgbar 11 zurückschrecken 11 zurückrufe 11 zurücklaufen 11 zurückgeschlagen 11 zurückgebliebene 11 zurückerobert 11 zurückblicke 11 zurückbeamen 11 zunehmenden 11 Zündkerzen 11 Zunder 11 zünd 11 Zulu 11 zukünftiges 11 Zukünftiger 11 Zugunglück 11 zugeordnet 11 zugekommen 11 zugegriffen 11 zugegebenermaßen 11 Zugänge 11 Zuckerpüppchen 11 zornige 11 Zoowärter 11 Zollbehörde 11 Zollbeamten 11 Zofe 11 Zigarettenstummel 11 zierliche 11 Zeynep 11 zertreten 11 zerstörerischen 11 zerstörerisch 11 zerstochen 11 Zerquetschte 11 zerkleinert 11 zerdrücken 11 zerbrichst 11 Zellblock 11 Zeitungspapier 11 Zeitreisende 11 zeitgleich 11 ZeitAnteile 11 Zecken 11 Zauns 11 zarter 11 zappelt 11 zapfen 11 Zank 11 Zaleska 11 Zaku 11 Zählst 11 yussef 11 Yuriko 11 Yumeji 11 yume 11 yourself 11 You'll 11 Youkais 11 Yoshinari 11 Yenbo 11 Yay 11 Yakamoto 11 Yajima 11 Yachthafen 11 Yachten 11 xtrem 11 xmal 11 Xitang 11 Xerxes' 11 Wutausbrüche 11 Wüsten 11 wusst 11 würzen 11 würfle 11 würds 11 WÜRDE 11 Wunderschönes 11 wundersch 11 Wunderkerze 11 Wunderbarer 11 Wumme 11 wühlst 11 write 11 Wortspiele 11 Worfs 11 Wollknäuel 11 wohlgesonnen 11 Woge 11 Wjatscheslaw 11 wittert 11 Withers 11 wirtschaftlich 11 wirre 11 Wirkungen 11 Wirkliche 11 wirkende 11 wirk 11 Wirfst 11 Wirbelsäulenchirurg 11 Winifred 11 Windungen 11 Willkür 11 Willkommensgeschenk 11 willkommener 11 willkommene 11 wildesten 11 Wies 11 wiehern 11 wiederzuerlangen 11 wiederspricht 11 wiederkehrende 11 Wiederholt 11 Wieck 11 widerstanden 11 widerspiegeln 11 widersetzte 11 widerruft 11 Widerlinge 11 Widerliche 11 wichtigstes 11 wichtigeren 11 whoo 11 Whites 11 Whidbey 11 Westwind 11 Westminster 11 Westliche 11 Westeuropa 11 WestBerlin 11 wesentlicher 11 wesentlichen 11 Wesby 11 werd´s 11 WENIGER 11 Wendy's 11 Weltverbesserer 11 weltberühmter 11 weltberühmte 11 WELTALL 11 Welcome 11 weiz 11 weitergereicht 11 weitergelebt 11 Weiterentwicklung 11 weiterbringt 11 weiterbewegen 11 Weitblick 11 Weißglut 11 Weißbarts 11 Weinflasche 11 Weigerung 11 Weigern 11 weidet 11 WEIBLICHE 11 wegzubringen 11 wegspülen 11 wegschieben 11 weggestoßen 11 Weggelaufen 11 weckten 11 wechsele 11 waswas 11 Wasserwerk 11 Wasserleiche 11 Wasserglas 11 Wascht 11 Waschmaschinen 11 Wäscheschrank 11 WARUM 11 Wartens 11 Wärm 11 Wärest 11 Wanderers 11 Wampe 11 Wallung 11 Waller 11 Waingro 11 Wahrung 11 wahrscheinlichste 11 währende 11 Wahren 11 Wahlmöglichkeiten 11 Wagenladung 11 Wagenheber 11 Waffenschmuggler 11 Wades 11 Wachstumsrate 11 Wachschutz 11 Vulva 11 vos 11 Vorzugsweise 11 Vorzimmer 11 vorziehst 11 vorzeigen 11 vorverlegen 11 vortrefflich 11 Vortag 11 VORSTEDT 11 Vorsorge 11 Vorraussetzung 11 Vorraus 11 vorlieb 11 voriges 11 vorhandenen 11 vorgesorgt 11 vorderster 11 vorbeigeschaut 11 vorbeifährt 11 Vorbau 11 voraussagte 11 vorausahnen 11 Vollzeit 11 Volksheld 11 Volke 11 Vokale 11 Vogelfutter 11 Vogelbad 11 VizePräsidenten 11 visualisieren 11 Visionäre 11 Virtucon 11 Virgin 11 Viereck 11 vieIIeicht 11 Videokassette 11 vida 11 Victorville 11 VHS 11 verziehst 11 verzerrten 11 Verzehr 11 Verwüstungen 11 verwundete 11 verwette 11 verwest 11 verwesen 11 Verweilen 11 verwegen 11 Verwandelt 11 Verwaltungsleiter 11 Veruntreuung 11 verunglücken 11 verückt 11 Vertritt 11 vertrieb 11 Vertragsbruch 11 versuchter 11 verstrahlt 11 verstösst 11 verstopfte 11 verstohlen 11 verstärkter 11 Verstärken 11 Versorgungslinie 11 versiegt 11 versiegelten 11 Versicherungsbetrug 11 versicherte 11 verschrotten 11 verschreibe 11 Verschließen 11 verschlief 11 verschleppen 11 verschätzt 11 verschärft 11 Versaut 11 Versammeln 11 versahen 11 Versa 11 Verrücktheiten 11 verrecke 11 verprügel 11 vernetzt 11 vermiest 11 Vermerk 11 Verlor 11 Verlobungsfeier 11 verletztes 11 verletzter 11 Verleih 11 Verlang 11 verkümmert 11 verkörpere 11 verknacken 11 verkleideter 11 Verkleidet 11 verkehrst 11 verkatert 11 verkackte 11 verhörst 11 Verhörs 11 verheimliche 11 verhasst 11 verhängnisvoll 11 Vergraben 11 vergolten 11 vergnüglich 11 vergiessen 11 Vergessenen 11 vergess' 11 vergelten 11 vergas 11 vergangener 11 vergaB 11 Verführer 11 verfügte 11 verfrellte 11 verfrellt 11 verfeindet 11 vereintes 11 verdursten 11 verdünnt 11 verdunkelten 11 verdreifachen 11 Verdoppelt 11 Verbrecherorganisation 11 verbotenes 11 verbeult 11 Verbeugt 11 verbaut 11 verbauen 11 Verarschung 11 verärgerten 11 Verabreichen 11 verabredeten 11 Ventilation 11 Vektoren 11 Vehikel 11 Veganerin 11 Vandergeld 11 Vakzin 11 Vaizey 11 vais 11 Utapau 11 Unwahrheit 11 Unvorhersehbares 11 unverständliche 11 Unverschämt 11 unverheiratete 11 unvergleichlichen 11 unvergesslicher 11 unvergesslichen 11 unvergänglich 11 unverantwortlicher 11 unübersehbar 11 unterzieht 11 unterwandert 11 Untersucht 11 unterschwellig 11 unterrichteten 11 Unternehmungen 11 Unternehmung 11 unterhalt 11 unterernährt 11 Unterbringung 11 unsrer 11 unseretwegen 11 Unpünktlichkeit 11 unnahbar 11 unmenschlichen 11 unkontrollierbare 11 unheilbare 11 Unglücklichste 11 Unglückliche 11 ungezwungen 11 ungeplant 11 ungelöst 11 ungeklärte 11 ungehörig 11 ungeborenes 11 Unfrieden 11 Unfallopfer 11 unerwünschten 11 unerlaubtes 11 Unerfahrenheit 11 Unehrlichkeit 11 undurchsichtig 11 undund 11 Underground 11 undankbares 11 Unbezahlbar 11 unbestätigten 11 unbequeme 11 unbelastet 11 UNBEKANNT 11 unbehandelt 11 unbefleckt 11 unaufmerksam 11 unanständiges 11 Unangenehm 11 unakzeptabel 11 umwerfenden 11 Umrisse 11 Umkleidekabine 11 Umgestaltung 11 umgerannt 11 umgekehrten 11 umfalle 11 umdrehst 11 Ulysses 11 UKW 11 ui 11 uff 11 Udono 11 Übungsplatz 11 überweist 11 übertrug 11 Übertreibt 11 überteuert 11 übersinnliche 11 überschritt 11 Überraschungsgast 11 überraschten 11 überraschenderweise 11 überraschenden 11 überragend 11 übernatürlich 11 übermannt 11 übermalt 11 überliefert 11 Überlebt 11 Überläufer 11 Überlaufen 11 Überholen 11 übergroße 11 Übergebe 11 Überdruck 11 überbringst 11 Überarbeitet 11 überängstlich 11 Uber 11 Üb 11 Tye 11 TVSendung 11 TUT 11 Turu 11 Turteltäubchen 11 Türcode 11 turbulent 11 Tuna 11 Tudeski 11 tückische 11 Tubbs 11 Tsuzuki 11 Tschüsschen 11 Truppenbewegungen 11 trunken 11 Trüffeln 11 trüb 11 trouble 11 Troubadix 11 Tropic 11 Trommler 11 Triumphes 11 Trinkgelder 11 Trimmwinkel 11 triftiger 11 trifft's 11 Trevors 11 Treueschwur 11 trennst 11 Trenn 11 treibend 11 Trautes 11 Traumschiff 11 Traumhaft 11 Traumas 11 Trauerzug 11 Trauerrede 11 Transportern 11 Tranquilizer 11 tränen 11 Tranchiermesser 11 tragischerweise 11 Tragfläche 11 Trabanten 11 Tra 11 ToyBox 11 Toxin 11 Tourneur 11 Toubei 11 totlachen 11 Tötest 11 Totenfeier 11 Totenbett 11 Torheit 11 Torah 11 Topolino 11 Topas 11 Topanga 11 Tonn 11 ToniAlmeida 11 T'Ong 11 Tombola 11 toleriere 11 toki 11 Todsicher 11 Todernst 11 Tocher 11 toby 11 Tobei 11 Titels 11 Titelbild 11 Titania 11 tippte 11 Tierwelt 11 tiefgefroren 11 Tia 11 Thunderbird 11 Throns 11 Thoreau 11 Think 11 Thespis 11 TheHate 11 theatralisch 11 Theaters 11 Tha 11 Textur 11 Teuflisch 11 Tetris 11 Tetanus 11 Testflug 11 test 11 Terpentin 11 TERMIN 11 tengo 11 Tempelritter 11 Teleobjektiv 11 Telegrafenamt 11 teilzuhaben 11 Teilabdruck 11 Technologia 11 Tea 11 TBC 11 taufte 11 Tauchte 11 Tatsumi 11 Tatsi 11 tätowierte 11 Tatortfotos 11 Tatorte 11 Tatianna 11 Tatendrang 11 Tarnvorrichtung 11 Taraji 11 tänzeln 11 Tannenbaum 11 Tanne 11 Tanma 11 Tangas 11 TANAKA 11 Talg 11 Takayama 11 TAGES 11 Tagelöhner 11 Taejo 11 Tadokoro 11 Tab 11 Szenenbildner 11 Sympathisch 11 symmetrisch 11 Suzette 11 Suwon 11 Süsses 11 suspekt 11 Suppenhuhn 11 supertoll 11 superb 11 sündigte 11 Sumerisch 11 suhlt 11 suggerieren 11 Suffragetten 11 Suen 11 SUCHT 11 Subtitlesde 11 Subtitl 11 Subtit 11 Subti 11 Subt 11 Subcentral 11 stylen 11 stutzen 11 stütze 11 Stütz 11 Stürmung 11 stürmischen 11 Stuntmen 11 Stuntleute 11 stunt 11 stündlich 11 Stundenlang 11 stumpfes 11 Studiums 11 studio 11 Studentenverbindungen 11 strotzt 11 Strong 11 Stromschläge 11 Stromkreise 11 Strolche 11 Striche 11 STRENG 11 Streitross 11 Streifschuss 11 streichle 11 Strebern 11 Streak 11 Stratege 11 Straßenmädchen 11 Straßengraben 11 strange 11 Stränden 11 strafrechtlich 11 Strafakte 11 Stowecroft 11 Storyboardzeichner 11 Stopps 11 Stolzes 11 Stolzer 11 stöbern 11 Stimmt''s 11 stimmt´s 11 Stilllegung 11 Stilen 11 Stierkämpfer 11 Stierkampf 11 Stiege 11 stichhaltig 11 steuerte 11 steuerst 11 Sternschnuppen 11 Sternenlicht 11 Sternenbasis 11 sterile 11 Stereo 11 step 11 Stenner 11 Stemmeisen 11 Steintafel 11 Steinmauer 11 steinernen 11 Steinberg 11 stecktest 11 stecht 11 stattlicher 11 Starzl 11 Startvorgang 11 Startklar 11 starbst 11 standst 11 stände 11 Standardorbit 11 Stammgäste 11 Stadtteilen 11 Stadtmauern 11 städtisches 11 Stachelschwein 11 Staatsanwälte 11 STAATEN 11 square 11 Squad 11 spulen 11 spül 11 Spreu 11 sprechendes 11 Sportwetten 11 Sportskanone 11 Sportsgeist 11 Sportlerin 11 sponsern 11 Spitzenmäßig 11 spießigen 11 Spielzeugsoldaten 11 Spielkarten 11 spielende 11 spiel' 11 Sphären 11 spezifischer 11 Spezifikation 11 Spezialeffekt 11 Spenders 11 Spendern 11 Spenderin 11 Spellacy 11 Speerzenturio 11 Spawnie 11 spätere 11 Sparbriefe 11 SPANISCH 11 Spaghettifresser 11 Sozialversicherungsnummern 11 Sozialstunden 11 Soyoung 11 souverän 11 Southampton 11 SOUTH 11 soundso 11 Soto 11 sorgloser 11 Sorenson 11 Sonnig 11 Sondervollmachten 11 Sonderlieferung 11 Sonderbericht 11 Sommerlager 11 Sommercamp 11 Someone 11 Some 11 Soma 11 Solos 11 Söldnern 11 Solarenergie 11 SoI 11 Socket 11 Sockenschublade 11 Smeerlap 11 Smalls 11 small 11 Slytherins 11 Slytherin 11 skurril 11 Skizzenbuch 11 Skeeter 11 Skaro 11 size 11 Sixtinische 11 Sixth 11 siralos 11 Sinistra 11 SIMON 11 Silbernen 11 s'il 11 Sigourney 11 Siesich 11 Sieist 11 Siebener 11 Síe 11 Sichtungen 11 Sicherstellung 11 Sicherheitsnadeln 11 Sicherheitskontrollen 11 Sicherheitsbereich 11 Sicherheitsberater 11 Shunpei 11 Shops 11 Shoji 11 shirt 11 shinin' 11 Shinguji 11 Shingens 11 Shimura 11 Shichikokuyama 11 She's 11 Sheryl 11 Sharky 11 Shao 11 Shanao 11 Shakka 11 Shah 11 setzt's 11 Sesterzen 11 Serviert 11 seriöser 11 seriöse 11 Serenity 11 Sephora 11 Seneschalle 11 Sena 11 Seltenheit 11 selbstsüchtige 11 Selbstsucht 11 SEKUNDEN 11 Sekündchen 11 SEK 11 seis 11 SEINER 11 seilt 11 Seifenopern 11 Sehtest 11 sehnlicher 11 Segment 11 seelischen 11 seelischem 11 seat 11 Seans 11 SEALTeam 11 SEAL 11 Scofields 11 schwummerig 11 Schwulsein 11 Schwules 11 schwoll 11 schwitzige 11 Schwips 11 Schwindlerin 11 schwimmenden 11 schwimmende 11 Schwesternschule 11 schwerwiegend 11 schwermütige 11 schwerfällig 11 Schweißbrenner 11 Schweinekotelett 11 Schwefelsäure 11 Schwedin 11 Schwaden 11 schwächste 11 Schutzräume 11 Schutzhelm 11 Schutzheilige 11 Schutze 11 Schutzanzug 11 Schütten 11 Schüttelt 11 Schüsseln 11 schuss 11 Schulterpolster 11 Schulhaus 11 Schulfreunde 11 Schuhmacher 11 Schrulle 11 Schröder 11 schrille 11 Schriftlich 11 schrieen 11 Schrieben 11 schrei'n 11 schreienden 11 schreiende 11 Schreckensherrschaft 11 school 11 schonungslos 11 schõn 11 Schokoladen 11 Schocker 11 schnürt 11 Schnurbart 11 schnitzte 11 Schnitzeljagd 11 Schnickschnack 11 schmuddelig 11 schmollt 11 schmierst 11 schmiedeten 11 schmeckten 11 Schlüsselwort 11 Schlüsselmeister 11 Schlüsselanhänger 11 schlummern 11 SCHLUCHZT 11 schlimmstes 11 Schließung 11 schlieBlich 11 schleppten 11 Schlechtigkeit 11 Schlauheit 11 Schlagbolzen 11 Schlaganfälle 11 schirmen 11 schippern 11 SchIoss 11 Schimpf 11 Schiffsladung 11 scheut 11 Scheu 11 ScheißTelefon 11 Scheißleben 11 Scheissding 11 Scheißbullen 11 Scheiß' 11 Schauspielunterricht 11 schauspielerisches 11 schätzungsweise 11 schätzten 11 schäle 11 Schah 11 schaft 11 Schädelfraktur 11 schäbiges 11 Saw 11 Savings 11 Sausalito 11 Saugen 11 Sauerstoffmasken 11 Säuberungsaktion 11 Sauberer 11 säubere 11 Satzes 11 Sattelschlepper 11 Satt 11 Satellitenfotos 11 sassen 11 Sashimi 11 sarge 11 Saotome 11 sans 11 Sanjays 11 Sangria 11 Sanfte 11 sandige 11 Sammlungen 11 Samarkand 11 Salzmine 11 Salton 11 Sakuragi 11 Saks 11 Saite 11 Saipan 11 Sahlberger 11 Sahal 11 Saeed 11 Sackkarre 11 Sachbeschädigung 11 SAC 11 sabbern 11 Ryota 11 rütteln 11 rüstet 11 Russisches 11 runtergelassen 11 runtergedrückt 11 runtergebracht 11 running 11 rumwedeln 11 rumtreibt 11 Rumstehen 11 rumspricht 11 Rumms 11 Rummachen 11 rumhänge 11 rumgerannt 11 'rum 11 Rülpst 11 Rülpser 11 ruinier 11 ruhigeren 11 Rüde 11 Rückstoß 11 Rückschläge 11 rüberwachsen 11 Rourke 11 Round 11 Rough 11 rothaarige 11 ROT 11 rosten 11 Rosta 11 Ronjakind 11 Romanova 11 Roma 11 Rollt 11 Rollenspiel 11 rollender 11 Rolands 11 Rocker 11 Roboterliga 11 Roboterevolution 11 Riya 11 Rigatoni 11 Riesenüberraschung 11 Riesenfan 11 rieb 11 Rey 11 revolutionieren 11 Rettungsring 11 Rettungs 11 rettetest 11 Retrovirus 11 Retriever 11 Respektlosigkeit 11 Resourcen 11 Reserviert 11 Research 11 republikanischen 11 reprogrammieren 11 Reni 11 Relations 11 Reklametafel 11 Reiseziel 11 Reiseplan 11 reinwerfen 11 reinsten 11 reinstellen 11 reinschieben 11 reinpasst 11 reingesetzt 11 reingeschneit 11 reingekriegt 11 reindrücken 11 reimen 11 reichst 11 Rehabilitationszentrum 11 Regression 11 Regelung 11 Reederei 11 redegewandt 11 rechtschaffene 11 Rechtmäßigkeit 11 Rechtlich 11 Rechnet 11 rebellischen 11 Reagenzglas 11 RayRay 11 Ravi 11 Rauswurf 11 rauswirft 11 rausstellt 11 Rauskommen 11 rausgeputzt 11 rausbekomme 11 rausbeamen 11 'raus 11 Raumsonde 11 rauhen 11 raufklettern 11 rauchten 11 räuchern 11 ratzfatz 11 rattert 11 Ratatouille 11 rassistisches 11 Rassistenschwein 11 rasseln 11 Rasensprenger 11 Rasenmähen 11 ranzumachen 11 Ransui 11 ranlässt 11 Ramseys 11 Ramadan 11 Rainn 11 radioaktivem 11 rachsüchtiger 11 Rabauken 11 Rabauke 11 qu'on 11 Quiznos 11 Quieken 11 quick 11 Quer 11 Quellwasser 11 Quartiere 11 Quarters 11 Quäntchen 11 Quadrant 11 putzte 11 Purnell 11 Purcell 11 Pumas 11 Pulp 11 Pulitzer 11 PuertoRicaner 11 publizieren 11 Publius 11 psychotischer 11 psychotische 11 Prügeln 11 prüf 11 Prosciutto 11 Prosa 11 Property 11 Projektil 11 profitabel 11 Profispieler 11 Profiliga 11 Produktionsleiter 11 Produktions 11 probte 11 Probst 11 Privatgelände 11 Pritchard 11 Primzahl 11 primitives 11 primäre 11 Presseerklärung 11 Presidente 11 president 11 Presbyterian 11 preisgibt 11 präsentierte 11 Präsentieren 11 prahlt 11 prädestiniert 11 Practu 11 Prachtexemplar 11 PPK 11 potentiell 11 Portokasse 11 Portias 11 Portfolio 11 populäre 11 Poplar 11 Pools 11 pompöse 11 polnischer 11 Polizeipräsidenten 11 Polizeikommandos 11 Polizeidienst 11 Polizeiakte 11 Pod 11 Plymouth 11 Plug 11 plötzliches 11 Plaudertasche 11 Platzieren 11 platonische 11 Plastiktitten 11 Plasmapherese 11 Plankton 11 Plädoyer 11 Piz 11 Pixar 11 pitschnass 11 Pistachio 11 Pinkerton 11 Pilzinfektion 11 piep 11 Pickens 11 Pianistin 11 Pianisten 11 physisches 11 Pharmaindustrie 11 Pharisäer 11 Phantomschmerzen 11 Phantome 11 Phänomenal 11 Pfötchen 11 pflügen 11 Peyote 11 peu 11 Pesto 11 Perverslinge 11 persönlichem 11 Personenbeschreibung 11 Persei 11 Perret 11 Penland 11 Peiniger 11 Pegel 11 PegasusGalaxie 11 Pedell 11 Pedalen 11 PCP 11 PBS 11 pazifischen 11 Pawel 11 Pavillon 11 pause 11 Patt 11 Patroni 11 Patientinnen 11 Pathologie 11 Passion 11 Passaic 11 Pasquale 11 Parmesan 11 Para 11 PAPO 11 Panzerriesen 11 Pankhurst 11 Panikraum 11 Panikanfall 11 Paki 11 Pad 11 Pachtvertrag 11 Pächter 11 Paarungszeit 11 OzeanPuzzles 11 Ozeanien 11 Output 11 otskaerfvt 11 Ostia 11 Ostflügel 11 Osterhagen 11 Oskarchen 11 Oscars 11 OSaft 11 Ortung 11 Orlean 11 Orions 11 Orgien 11 organisches 11 Opernhauses 11 Oolonel 11 olympischen 11 Ölwechsel 11 Olle 11 Okich 11 Okey 11 Ohho 11 OGen 11 Offizielles 11 offenherzig 11 OFFEN 11 Oedekerk 11 Odenkirk 11 Odanaka 11 ocean 11 Oboe 11 Obervampir 11 Oberseite 11 oberflächliche 11 Oberen 11 Obendrein 11 Oahu 11 Nutzlose 11 nutz 11 Nuß 11 nurich 11 Nunn 11 Nunez 11 NUMA 11 nuller 11 Nugget 11 NTSB 11 notwendiges 11 Notendurchschnitt 11 NOTAUFNAHME 11 Nosferatu 11 Norweger 11 Normalen 11 NO 11 Ninas 11 nimm' 11 Nierenstein 11 Niederkunft 11 nichtzu 11 nichtsmehr 11 NG 11 Neurowissenschaft 11 Neurosyphilis 11 neurologischen 11 Neunzehn 11 Neunauge 11 neugieriger 11 Neugeborene 11 neuester 11 NEUER 11 neuartigen 11 Nervensystems 11 Nervengases 11 Nerima 11 NEMO 11 Nebenraum 11 Nebenhandlung 11 Nebeneffekt 11 Nebels 11 Nazaret 11 Natürliche 11 Naturgesetz 11 Nässe 11 Nasir 11 NASCAR 11 Narzissen 11 Naruto 11 Narkolepsie 11 Narbengewebe 11 Narashino 11 Namgung 11 Namensschilder 11 näherten 11 Nahasapeemapetilon 11 nagelt 11 Nagelpistole 11 Nagamasa 11 naechsten 11 Nachzügler 11 nachsten 11 Nachspann 11 nachgeguckt 11 Nachfragen 11 'Nach 11 Mystik 11 mutmaßlichen 11 muSt 11 MÜSSEN 11 musizieren 11 Musikzimmer 11 Musashino 11 Murasawa 11 mündlich 11 Mullah 11 Mull 11 muht 11 Mühsal 11 Mudschaheddin 11 Mucha 11 Motorradunfall 11 Motorik 11 Motorengeräusch 11 motor 11 Mossman 11 Morrissey 11 Moriuchi 11 Morishita 11 Morgenübelkeit 11 Moralpredigten 11 Moralapostel 11 Mopes 11 MoogleMoogle 11 Montes 11 Montenegro 11 MONSTER 11 Monou 11 Monatsmieten 11 Monatsgehalt 11 momento 11 Molyneux 11 Moffatt 11 Modoki 11 modifizierte 11 Moderatorin 11 Modellflugzeuge 11 Mochte 11 ML 11 MK 11 Miyo 11 Mittwochabend 11 mittelmäßige 11 mitspiele 11 mitleiderregend 11 Mitläufer 11 mitgeschleift 11 mitgedacht 11 mitessen 11 Mitchum 11 Mitarbeiters 11 Mistviecher 11 Mistsau 11 Missverständniss 11 mißt 11 Missionarsstellung 11 Misserfolge 11 missen 11 missbrauchte 11 MisoSuppe 11 Miryung 11 Miraculix 11 mir'' 11 Mintz 11 Minnies 11 Ministre 11 Minenfelder 11 minderwertige 11 Minafer 11 Mims 11 millionen 11 million 11 Millikens 11 Miller's 11 Militärtraining 11 Militärgericht 11 Milchwagen 11 Milchstraße 11 Milchgesicht 11 Milchbart 11 Mila 11 Mikrofilm 11 Mikado 11 Mighty 11 Miezekatze 11 Mietze 11 mietet 11 Mies 11 Microsoft 11 Mickler 11 miau 11 Mhmkay 11 mhmkay 11 Mexikanisches 11 metrische 11 Metamorphose 11 Metalle 11 messieurs 11 Messerstecherei 11 Merrily 11 Merlock 11 mer 11 Menschenliebe 11 Menschenjäger 11 Mengelberg 11 Menech 11 Melina 11 Melanies 11 mehrfache 11 Meghan 11 Meerjungfrauen 11 Meecham 11 medium 11 Medikation 11 mechanisches 11 McPherson 11 McGloin 11 McEnroe 11 McConnel 11 Mayfair 11 Máximo 11 maximaler 11 Mausi 11 maßlos 11 massivem 11 Massenhaft 11 Masha 11 Maschinengewehren 11 Masato 11 más 11 MaryBeth 11 Marsmensch 11 Marriott 11 MarieThérèse 11 Maries 11 MariePaule 11 Marcone 11 Manu 11 Mänteln 11 mano 11 Männliches 11 Männerstimme 11 Männerkleidung 11 Männerherrschaft 11 Mannboter 11 manipulierst 11 Manila 11 mangelnden 11 mangelnde 11 Manfredi 11 manchem 11 Mammy 11 Mamet 11 Malson 11 makes 11 makellose 11 Majonäse 11 mais 11 Mainz 11 Mainframe 11 Mailer 11 mäht 11 Magnesium 11 Maggio 11 Madre 11 madre 11 Madigan 11 Mächtige 11 Machten 11 MacDonalds 11 LuthorCorp 11 Luohan 11 Lundegaard 11 Lumbalpunktion 11 Lüftungsschächte 11 Luftpatrouille 11 Lückenbüßerin 11 Lucchesi 11 Lubbeck 11 lß 11 lshbar 11 ls' 11 lrren 11 lrgend 11 lrezumi 11 Loyd 11 Löwenkopf 11 Lotteriegeld 11 Lotse 11 lot 11 loswerde 11 lossagen 11 losgemacht 11 losfliegen 11 LOs 11 looking 11 Lolli 11 Lohmann 11 Logan's 11 LOGAN 11 lockst 11 lockeren 11 Lochs 11 lnterpol 11 lnneren 11 lmmobilienmakler 11 Llorón 11 lllusionen
